Nickname,Discord ID
"ชีโร่🐶",1487079667520241714
"Jmstwxx ( James )",400526279226687499
"BOONTHAVORNz- SHAN",524197849630638080
"Kagura /ไนท์",323422175128190976
"Star Gazer - New",848574308259069962
"Goodwill - กีกี้",1106214331592495164
"FunH3ebarn - dew",365414130871435264
"InceptionZ - เอก ™🔰👑",481763665498996737
"ZensoR / ต่อง",364619965711646740
"llม็คคุJ2 - แม็ค",1106179854916923402
"Kirua (นัน)",1377237210188877824
"oMariao - อาร์ท",523154905758826496
"Kapi",588367733025144832
"430G / หนวดคับ",383646156019990529
"Aurora - jame",577861733209866240
"Phetchaaa / เฟียส",1275117423003172907
"friendly ( Friend)",326246069665136641
"La`-Lune / Boat",388762936535154700
"98Armn - อาร์ม",524672566145843200
"EPRz - Mark",255298248372256769
"SnowAnaDel /(Del)",481874453014249483
"ViOLET [ปลา]",835006187782668369
"Vance - อ๊อฟ",325202951738228736
"Pltr/ยอร์ช",498008992715374593
"Monkydevil - หนุ่ม",717390742682730667
"โปโป้•โป้",989982612711956570
"Flynn Beautiful Rider - Heng",968185046060126208
"ฺBOONBANGFAIz - Karn",274588134963019776
"deviLヽ -  อั้ม",920753354827788298
"Slay - มาย",491680620217499649
"LazyOnion - Ice",914777245904699392
"พันทิพย์อวยพร888 - กาว",388384588764020740
"BOONCHUPz - Gram",249458416576233473
"จู่จ๊ะจ๊ะจู่จู่จ๊ะ  -  pon",349589178721501185
"Gojo - โจ้",397367377458757634
"OptimizerX-Aof",452377041099161600
"Lolipop / เกมส์",274851276720963584
"ขมิบก้นV2 - ปั้น",327864911315337218
"JunioR",280777412449402881
"Jares - Sun",488689001935405059
"SOMEONE (กัน)",363327914785374220
"NookKie / นุ๊กกี้",620152888882102272
"ทิชชี่เช็ดหู/ต๊ะ",424997519571812353
"Amanda / ภูมิ",483286361181388800
"Essotit - S",361909338362740737
"Sumtoiiiiiii/เบนซ์",624679067429371925
"FuMeow ออฟ",415864934795182081
"CptJayKunGz / เจ",236107733617737729
"NEVIDie - เนฟฟี่",798265525561851955
"Nezuko - NAM🫧💧❄️🌊🌪️",297166891246419979
"สิ่งศักดิ์สิทธิ์9999 - เต้",230795053897875456
"! .BOONMEEz - Eay",241652203809406976
"HiSoKa (พี)",693481114781876274
"Tobleeswagger",695476369559126047
"bqxz-บาส",528843822000504833
"MrChaM - มิ้น",453551594139549707
"MAGIKID",410819842455633920
"BarDum / หน่อง",619895535851012096
"BOONYOUNGz - จูน",378750854187974657
"NINEOKMAI  - Beer",1033673705395585054
"iNVasiON - James",664118563677667330
"สุรีย์เอ๋อ / พี",322315770224705536
"BOONTINGz - มาส",454291591343898635
"ANACONDA- GuN",212773137744527361
"Snorlaxp / Parmm",515507167323881504
"Cryo / Golf",325223945068347402
"BangkaeGirl / putter",278192023029284875
"Abatros-DONG",835800094413946941
"SixMyDuck / Bigg",604627685209014283
"iGGy-Arm",337657108780548108
"FlynnRider - heng -beautiful",303577037359153152
"lBooMl / บูม",1339395202049376288
"พันทิพย์อวยพร007 - ทีม",300887220892467200
"Olaf (new)",525314471011418122
"นักล่าหวยอาหมี/ดิว",307523705788170240
"ลูกแมวเหมี๋ยว - Sea ♥️",1094229970584350821
"มู๋หยอง月",997768870595133460
"WhiteLady - ไวท์",420994556985737217
"yingparpan-ปอแป๊ะ",712700818943639602
"แม็คคุJ - แม็ค",381110482347622400
